id,avaliacao_id,grupo,dominio,score,categoria,criado_em
1,10004,1,Demandas no Trabalho,68.75,alto,2026-02-10 12:39:16.476283
2,10004,2,Organiza較럑쥑댚칰o e Conte較럭뎸do do Trabalho,81.25,alto,2026-02-10 12:39:16.728563
3,10004,3,Rela較럑쥑댚츼es Sociais e Lideran較럑죠,70.83,alto,2026-02-10 12:39:16.962587
4,10004,4,Interface Trabalho-Indiv較럑멳uo,81.25,alto,2026-02-10 12:39:17.197026
5,10004,5,Valores Organizacionais,66.67,alto,2026-02-10 12:39:17.431558
6,10004,6,Tra較럑죮s de Personalidade,75.00,alto,2026-02-10 12:39:17.666156
7,10004,7,Sa較럭뎸de e Bem-Estar,66.67,alto,2026-02-10 12:39:17.899844
8,10004,8,Comportamentos Ofensivos,83.33,alto,2026-02-10 12:39:18.134272
9,10004,9,Comportamento de Jogo,87.50,alto,2026-02-10 12:39:18.368264
10,10004,10,Endividamento Financeiro,93.75,alto,2026-02-10 12:39:18.60169
11,10005,1,Demandas no Trabalho,68.75,alto,2026-02-10 14:03:43.243954
12,10005,2,Organiza較럑쥑댚칰o e Conte較럭뎸do do Trabalho,81.25,alto,2026-02-10 14:03:43.488917
13,10005,3,Rela較럑쥑댚츼es Sociais e Lideran較럑죠,58.33,medio,2026-02-10 14:03:43.747922
14,10005,4,Interface Trabalho-Indiv較럑멳uo,18.75,baixo,2026-02-10 14:03:44.005986
15,10005,5,Valores Organizacionais,50.00,medio,2026-02-10 14:03:44.256209
16,10005,6,Tra較럑죮s de Personalidade,50.00,medio,2026-02-10 14:03:44.499191
17,10005,7,Sa較럭뎸de e Bem-Estar,50.00,medio,2026-02-10 14:03:44.74271
18,10005,8,Comportamentos Ofensivos,50.00,medio,2026-02-10 14:03:44.991605
19,10005,9,Comportamento de Jogo,6.25,baixo,2026-02-10 14:03:45.237957
20,10005,10,Endividamento Financeiro,56.25,medio,2026-02-10 14:03:45.490208
31,10010,1,Demandas no Trabalho,75.00,alto,2026-02-10 15:59:09.685745
32,10010,2,Organiza較럑쥑댚칰o e Conte較럭뎸do do Trabalho,87.50,alto,2026-02-10 15:59:09.952456
33,10010,3,Rela較럑쥑댚츼es Sociais e Lideran較럑죠,62.50,medio,2026-02-10 15:59:10.188316
34,10010,4,Interface Trabalho-Indiv較럑멳uo,75.00,alto,2026-02-10 15:59:10.424043
35,10010,5,Valores Organizacionais,75.00,alto,2026-02-10 15:59:10.659029
36,10010,6,Tra較럑죮s de Personalidade,75.00,alto,2026-02-10 15:59:10.895579
37,10010,7,Sa較럭뎸de e Bem-Estar,91.67,alto,2026-02-10 15:59:11.13178
38,10010,8,Comportamentos Ofensivos,50.00,medio,2026-02-10 15:59:11.366763
39,10010,9,Comportamento de Jogo,75.00,alto,2026-02-10 15:59:11.603479
40,10010,10,Endividamento Financeiro,81.25,alto,2026-02-10 15:59:11.837868
61,10011,1,Demandas no Trabalho,75.00,alto,2026-02-10 16:29:35.288036
62,10011,2,Organiza較럑쥑댚칰o e Conte較럭뎸do do Trabalho,25.00,baixo,2026-02-10 16:29:35.288036
63,10011,3,Rela較럑쥑댚츼es Sociais e Lideran較럑죠,33.33,medio,2026-02-10 16:29:35.288036
64,10011,4,Interface Trabalho-Indiv較럑멳uo,43.75,medio,2026-02-10 16:29:35.288036
65,10011,5,Valores Organizacionais,50.00,medio,2026-02-10 16:29:35.288036
66,10011,6,Tra較럑죮s de Personalidade,50.00,medio,2026-02-10 16:29:35.288036
67,10011,7,Sa較럭뎸de e Bem-Estar,41.67,medio,2026-02-10 16:29:35.288036
68,10011,8,Comportamentos Ofensivos,41.67,medio,2026-02-10 16:29:35.288036
69,10011,9,Comportamento de Jogo,50.00,medio,2026-02-10 16:29:35.288036
70,10011,10,Endividamento Financeiro,62.50,medio,2026-02-10 16:29:35.288036
71,10006,1,Demandas no Trabalho,62.50,medio,2026-02-10 16:39:11.716723
72,10006,2,Organiza較럑쥑댚칰o e Conte較럭뎸do do Trabalho,68.75,alto,2026-02-10 16:39:11.716723
73,10006,3,Rela較럑쥑댚츼es Sociais e Lideran較럑죠,41.67,medio,2026-02-10 16:39:11.716723
74,10006,4,Interface Trabalho-Indiv較럑멳uo,0.00,baixo,2026-02-10 16:39:11.716723
75,10006,5,Valores Organizacionais,41.67,medio,2026-02-10 16:39:11.716723
76,10006,6,Tra較럑죮s de Personalidade,25.00,baixo,2026-02-10 16:39:11.716723
77,10006,7,Sa較럭뎸de e Bem-Estar,25.00,baixo,2026-02-10 16:39:11.716723
78,10006,8,Comportamentos Ofensivos,25.00,baixo,2026-02-10 16:39:11.716723
79,10006,9,Comportamento de Jogo,25.00,baixo,2026-02-10 16:39:11.716723
80,10006,10,Endividamento Financeiro,25.00,baixo,2026-02-10 16:39:11.716723
81,10007,1,Demandas no Trabalho,31.25,baixo,2026-02-10 16:53:16.783516
82,10007,2,Organiza較럑쥑댚칰o e Conte較럭뎸do do Trabalho,50.00,medio,2026-02-10 16:53:16.783516
83,10007,3,Rela較럑쥑댚츼es Sociais e Lideran較럑죠,54.17,medio,2026-02-10 16:53:16.783516
84,10007,4,Interface Trabalho-Indiv較럑멳uo,43.75,medio,2026-02-10 16:53:16.783516
85,10007,5,Valores Organizacionais,41.67,medio,2026-02-10 16:53:16.783516
86,10007,6,Tra較럑죮s de Personalidade,25.00,baixo,2026-02-10 16:53:16.783516
87,10007,7,Sa較럭뎸de e Bem-Estar,33.33,medio,2026-02-10 16:53:16.783516
88,10007,8,Comportamentos Ofensivos,58.33,medio,2026-02-10 16:53:16.783516
89,10007,9,Comportamento de Jogo,75.00,alto,2026-02-10 16:53:16.783516
90,10007,10,Endividamento Financeiro,56.25,medio,2026-02-10 16:53:16.783516
91,10013,1,Demandas no Trabalho,50.00,medio,2026-02-11 01:12:17.053789
92,10013,2,Organiza較럑쥑댚칰o e Conte較럭뎸do do Trabalho,75.00,alto,2026-02-11 01:12:17.053789
93,10013,3,Rela較럑쥑댚츼es Sociais e Lideran較럑죠,75.00,alto,2026-02-11 01:12:17.053789
94,10013,4,Interface Trabalho-Indiv較럑멳uo,68.75,alto,2026-02-11 01:12:17.053789
95,10013,5,Valores Organizacionais,33.33,medio,2026-02-11 01:12:17.053789
96,10013,6,Tra較럑죮s de Personalidade,75.00,alto,2026-02-11 01:12:17.053789
97,10013,7,Sa較럭뎸de e Bem-Estar,66.67,alto,2026-02-11 01:12:17.053789
98,10013,8,Comportamentos Ofensivos,50.00,medio,2026-02-11 01:12:17.053789
99,10013,9,Comportamento de Jogo,68.75,alto,2026-02-11 01:12:17.053789
100,10013,10,Endividamento Financeiro,25.00,baixo,2026-02-11 01:12:17.053789
101,10012,1,Demandas no Trabalho,68.75,alto,2026-02-11 01:14:43.757296
102,10012,2,Organiza較럑쥑댚칰o e Conte較럭뎸do do Trabalho,68.75,alto,2026-02-11 01:14:43.757296
103,10012,3,Rela較럑쥑댚츼es Sociais e Lideran較럑죠,79.17,alto,2026-02-11 01:14:43.757296
104,10012,4,Interface Trabalho-Indiv較럑멳uo,75.00,alto,2026-02-11 01:14:43.757296
105,10012,5,Valores Organizacionais,50.00,medio,2026-02-11 01:14:43.757296
106,10012,6,Tra較럑죮s de Personalidade,37.50,medio,2026-02-11 01:14:43.757296
107,10012,7,Sa較럭뎸de e Bem-Estar,58.33,medio,2026-02-11 01:14:43.757296
108,10012,8,Comportamentos Ofensivos,50.00,medio,2026-02-11 01:14:43.757296
109,10012,9,Comportamento de Jogo,62.50,medio,2026-02-11 01:14:43.757296
110,10012,10,Endividamento Financeiro,68.75,alto,2026-02-11 01:14:43.757296
111,10014,1,Demandas no Trabalho,56.25,medio,2026-02-11 01:57:55.987926
112,10014,2,Organiza較럑쥑댚칰o e Conte較럭뎸do do Trabalho,50.00,medio,2026-02-11 01:57:55.987926
113,10014,3,Rela較럑쥑댚츼es Sociais e Lideran較럑죠,66.67,alto,2026-02-11 01:57:55.987926
114,10014,4,Interface Trabalho-Indiv較럑멳uo,75.00,alto,2026-02-11 01:57:55.987926
115,10014,5,Valores Organizacionais,75.00,alto,2026-02-11 01:57:55.987926
116,10014,6,Tra較럑죮s de Personalidade,87.50,alto,2026-02-11 01:57:55.987926
117,10014,7,Sa較럭뎸de e Bem-Estar,50.00,medio,2026-02-11 01:57:55.987926
118,10014,8,Comportamentos Ofensivos,50.00,medio,2026-02-11 01:57:55.987926
119,10014,9,Comportamento de Jogo,75.00,alto,2026-02-11 01:57:55.987926
120,10014,10,Endividamento Financeiro,56.25,medio,2026-02-11 01:57:55.987926
121,10015,1,Demandas no Trabalho,50.00,medio,2026-02-11 02:01:46.606336
122,10015,2,Organiza較럑쥑댚칰o e Conte較럭뎸do do Trabalho,62.50,medio,2026-02-11 02:01:46.606336
123,10015,3,Rela較럑쥑댚츼es Sociais e Lideran較럑죠,58.33,medio,2026-02-11 02:01:46.606336
124,10015,4,Interface Trabalho-Indiv較럑멳uo,50.00,medio,2026-02-11 02:01:46.606336
125,10015,5,Valores Organizacionais,75.00,alto,2026-02-11 02:01:46.606336
126,10015,6,Tra較럑죮s de Personalidade,62.50,medio,2026-02-11 02:01:46.606336
127,10015,7,Sa較럭뎸de e Bem-Estar,66.67,alto,2026-02-11 02:01:46.606336
128,10015,8,Comportamentos Ofensivos,75.00,alto,2026-02-11 02:01:46.606336
129,10015,9,Comportamento de Jogo,62.50,medio,2026-02-11 02:01:46.606336
130,10015,10,Endividamento Financeiro,68.75,alto,2026-02-11 02:01:46.606336
131,10017,1,Demandas no Trabalho,56.25,medio,2026-02-12 12:30:53.219351
132,10017,2,Organiza較럑쥑댚칰o e Conte較럭뎸do do Trabalho,37.50,medio,2026-02-12 12:30:53.219351
133,10017,3,Rela較럑쥑댚츼es Sociais e Lideran較럑죠,58.33,medio,2026-02-12 12:30:53.219351
134,10017,4,Interface Trabalho-Indiv較럑멳uo,56.25,medio,2026-02-12 12:30:53.219351
135,10017,5,Valores Organizacionais,100.00,alto,2026-02-12 12:30:53.219351
136,10017,6,Tra較럑죮s de Personalidade,75.00,alto,2026-02-12 12:30:53.219351
137,10017,7,Sa較럭뎸de e Bem-Estar,16.67,baixo,2026-02-12 12:30:53.219351
138,10017,8,Comportamentos Ofensivos,25.00,baixo,2026-02-12 12:30:53.219351
139,10017,9,Comportamento de Jogo,50.00,medio,2026-02-12 12:30:53.219351
140,10017,10,Endividamento Financeiro,50.00,medio,2026-02-12 12:30:53.219351
141,10016,1,Demandas no Trabalho,81.25,alto,2026-02-12 12:31:15.029557
142,10016,2,Organiza較럑쥑댚칰o e Conte較럭뎸do do Trabalho,75.00,alto,2026-02-12 12:31:15.029557
143,10016,3,Rela較럑쥑댚츼es Sociais e Lideran較럑죠,83.33,alto,2026-02-12 12:31:15.029557
144,10016,4,Interface Trabalho-Indiv較럑멳uo,93.75,alto,2026-02-12 12:31:15.029557
145,10016,5,Valores Organizacionais,91.67,alto,2026-02-12 12:31:15.029557
146,10016,6,Tra較럑죮s de Personalidade,75.00,alto,2026-02-12 12:31:15.029557
147,10016,7,Sa較럭뎸de e Bem-Estar,100.00,alto,2026-02-12 12:31:15.029557
148,10016,8,Comportamentos Ofensivos,91.67,alto,2026-02-12 12:31:15.029557
149,10016,9,Comportamento de Jogo,93.75,alto,2026-02-12 12:31:15.029557
150,10016,10,Endividamento Financeiro,87.50,alto,2026-02-12 12:31:15.029557
151,10027,1,Demandas no Trabalho,68.75,alto,2026-02-12 23:52:18.708343
152,10027,2,Organiza較럑쥑댚칰o e Conte較럭뎸do do Trabalho,56.25,medio,2026-02-12 23:52:18.708343
153,10027,3,Rela較럑쥑댚츼es Sociais e Lideran較럑죠,58.33,medio,2026-02-12 23:52:18.708343
154,10027,4,Interface Trabalho-Indiv較럑멳uo,62.50,medio,2026-02-12 23:52:18.708343
155,10027,5,Valores Organizacionais,16.67,baixo,2026-02-12 23:52:18.708343
156,10027,6,Tra較럑죮s de Personalidade,62.50,medio,2026-02-12 23:52:18.708343
157,10027,7,Sa較럭뎸de e Bem-Estar,83.33,alto,2026-02-12 23:52:18.708343
158,10027,8,Comportamentos Ofensivos,75.00,alto,2026-02-12 23:52:18.708343
159,10027,9,Comportamento de Jogo,93.75,alto,2026-02-12 23:52:18.708343
160,10027,10,Endividamento Financeiro,56.25,medio,2026-02-12 23:52:18.708343
161,10030,1,Demandas no Trabalho,87.50,alto,2026-02-13 02:39:45.154975
162,10030,2,Organiza較럑쥑댚칰o e Conte較럭뎸do do Trabalho,43.75,medio,2026-02-13 02:39:45.154975
163,10030,3,Rela較럑쥑댚츼es Sociais e Lideran較럑죠,45.83,medio,2026-02-13 02:39:45.154975
164,10030,4,Interface Trabalho-Indiv較럑멳uo,25.00,baixo,2026-02-13 02:39:45.154975
165,10030,5,Valores Organizacionais,33.33,medio,2026-02-13 02:39:45.154975
166,10030,6,Tra較럑죮s de Personalidade,25.00,baixo,2026-02-13 02:39:45.154975
167,10030,7,Sa較럭뎸de e Bem-Estar,58.33,medio,2026-02-13 02:39:45.154975
168,10030,8,Comportamentos Ofensivos,66.67,alto,2026-02-13 02:39:45.154975
169,10030,9,Comportamento de Jogo,87.50,alto,2026-02-13 02:39:45.154975
170,10030,10,Endividamento Financeiro,75.00,alto,2026-02-13 02:39:45.154975
171,10032,1,Demandas no Trabalho,43.75,medio,2026-02-13 02:46:44.678623
172,10032,2,Organiza較럑쥑댚칰o e Conte較럭뎸do do Trabalho,43.75,medio,2026-02-13 02:46:44.678623
173,10032,3,Rela較럑쥑댚츼es Sociais e Lideran較럑죠,37.50,medio,2026-02-13 02:46:44.678623
174,10032,4,Interface Trabalho-Indiv較럑멳uo,62.50,medio,2026-02-13 02:46:44.678623
175,10032,5,Valores Organizacionais,66.67,alto,2026-02-13 02:46:44.678623
176,10032,6,Tra較럑죮s de Personalidade,87.50,alto,2026-02-13 02:46:44.678623
177,10032,7,Sa較럭뎸de e Bem-Estar,66.67,alto,2026-02-13 02:46:44.678623
178,10032,8,Comportamentos Ofensivos,83.33,alto,2026-02-13 02:46:44.678623
179,10032,9,Comportamento de Jogo,68.75,alto,2026-02-13 02:46:44.678623
180,10032,10,Endividamento Financeiro,81.25,alto,2026-02-13 02:46:44.678623
181,10035,1,Demandas no Trabalho,12.50,baixo,2026-02-13 13:01:13.834939
182,10035,2,Organiza較럑쥑댚칰o e Conte較럭뎸do do Trabalho,37.50,medio,2026-02-13 13:01:13.834939
183,10035,3,Rela較럑쥑댚츼es Sociais e Lideran較럑죠,37.50,medio,2026-02-13 13:01:13.834939
184,10035,4,Interface Trabalho-Indiv較럑멳uo,25.00,baixo,2026-02-13 13:01:13.834939
185,10035,5,Valores Organizacionais,8.33,baixo,2026-02-13 13:01:13.834939
186,10035,6,Tra較럑죮s de Personalidade,25.00,baixo,2026-02-13 13:01:13.834939
187,10035,7,Sa較럭뎸de e Bem-Estar,66.67,alto,2026-02-13 13:01:13.834939
188,10035,8,Comportamentos Ofensivos,33.33,medio,2026-02-13 13:01:13.834939
189,10035,9,Comportamento de Jogo,75.00,alto,2026-02-13 13:01:13.834939
190,10035,10,Endividamento Financeiro,75.00,alto,2026-02-13 13:01:13.834939
191,10038,1,Demandas no Trabalho,50.00,medio,2026-02-16 14:36:28.133277
192,10038,2,Organiza較럑쥑댚칰o e Conte較럭뎸do do Trabalho,75.00,alto,2026-02-16 14:36:28.133277
193,10038,3,Rela較럑쥑댚츼es Sociais e Lideran較럑죠,66.67,alto,2026-02-16 14:36:28.133277
194,10038,4,Interface Trabalho-Indiv較럑멳uo,81.25,alto,2026-02-16 14:36:28.133277
195,10038,5,Valores Organizacionais,75.00,alto,2026-02-16 14:36:28.133277
196,10038,6,Tra較럑죮s de Personalidade,75.00,alto,2026-02-16 14:36:28.133277
197,10038,7,Sa較럭뎸de e Bem-Estar,50.00,medio,2026-02-16 14:36:28.133277
198,10038,8,Comportamentos Ofensivos,58.33,medio,2026-02-16 14:36:28.133277
199,10038,9,Comportamento de Jogo,75.00,alto,2026-02-16 14:36:28.133277
200,10038,10,Endividamento Financeiro,81.25,alto,2026-02-16 14:36:28.133277
201,10048,1,Demandas no Trabalho,68.75,alto,2026-02-16 18:38:20.790429
202,10048,2,Organiza較럑쥑댚칰o e Conte較럭뎸do do Trabalho,56.25,medio,2026-02-16 18:38:20.790429
203,10048,3,Rela較럑쥑댚츼es Sociais e Lideran較럑죠,62.50,medio,2026-02-16 18:38:20.790429
204,10048,4,Interface Trabalho-Indiv較럑멳uo,93.75,alto,2026-02-16 18:38:20.790429
205,10048,5,Valores Organizacionais,75.00,alto,2026-02-16 18:38:20.790429
206,10048,6,Tra較럑죮s de Personalidade,50.00,medio,2026-02-16 18:38:20.790429
207,10048,7,Sa較럭뎸de e Bem-Estar,58.33,medio,2026-02-16 18:38:20.790429
208,10048,8,Comportamentos Ofensivos,50.00,medio,2026-02-16 18:38:20.790429
209,10048,9,Comportamento de Jogo,62.50,medio,2026-02-16 18:38:20.790429
210,10048,10,Endividamento Financeiro,81.25,alto,2026-02-16 18:38:20.790429
211,10049,1,Demandas no Trabalho,43.75,medio,2026-02-17 00:44:13.186804
212,10049,2,Organiza較럑쥑댚칰o e Conte較럭뎸do do Trabalho,75.00,alto,2026-02-17 00:44:13.186804
213,10049,3,Rela較럑쥑댚츼es Sociais e Lideran較럑죠,41.67,medio,2026-02-17 00:44:13.186804
214,10049,4,Interface Trabalho-Indiv較럑멳uo,43.75,medio,2026-02-17 00:44:13.186804
215,10049,5,Valores Organizacionais,50.00,medio,2026-02-17 00:44:13.186804
216,10049,6,Tra較럑죮s de Personalidade,62.50,medio,2026-02-17 00:44:13.186804
217,10049,7,Sa較럭뎸de e Bem-Estar,83.33,alto,2026-02-17 00:44:13.186804
218,10049,8,Comportamentos Ofensivos,75.00,alto,2026-02-17 00:44:13.186804
219,10049,9,Comportamento de Jogo,81.25,alto,2026-02-17 00:44:13.186804
220,10049,10,Endividamento Financeiro,25.00,baixo,2026-02-17 00:44:13.186804
221,10052,1,Demandas no Trabalho,62.50,medio,2026-02-17 13:08:33.920096
222,10052,2,Organiza較럑쥑댚칰o e Conte較럭뎸do do Trabalho,68.75,alto,2026-02-17 13:08:33.920096
223,10052,3,Rela較럑쥑댚츼es Sociais e Lideran較럑죠,37.50,medio,2026-02-17 13:08:33.920096
224,10052,4,Interface Trabalho-Indiv較럑멳uo,43.75,medio,2026-02-17 13:08:33.920096
225,10052,5,Valores Organizacionais,66.67,alto,2026-02-17 13:08:33.920096
226,10052,6,Tra較럑죮s de Personalidade,50.00,medio,2026-02-17 13:08:33.920096
227,10052,7,Sa較럭뎸de e Bem-Estar,50.00,medio,2026-02-17 13:08:33.920096
228,10052,8,Comportamentos Ofensivos,41.67,medio,2026-02-17 13:08:33.920096
229,10052,9,Comportamento de Jogo,56.25,medio,2026-02-17 13:08:33.920096
230,10052,10,Endividamento Financeiro,43.75,medio,2026-02-17 13:08:33.920096
231,10055,1,Demandas no Trabalho,18.75,baixo,2026-02-17 16:23:21.273647
232,10055,2,Organiza較럑쥑댚칰o e Conte較럭뎸do do Trabalho,37.50,medio,2026-02-17 16:23:21.273647
233,10055,3,Rela較럑쥑댚츼es Sociais e Lideran較럑죠,37.50,medio,2026-02-17 16:23:21.273647
234,10055,4,Interface Trabalho-Indiv較럑멳uo,37.50,medio,2026-02-17 16:23:21.273647
235,10055,5,Valores Organizacionais,25.00,baixo,2026-02-17 16:23:21.273647
236,10055,6,Tra較럑죮s de Personalidade,37.50,medio,2026-02-17 16:23:21.273647
237,10055,7,Sa較럭뎸de e Bem-Estar,41.67,medio,2026-02-17 16:23:21.273647
238,10055,8,Comportamentos Ofensivos,41.67,medio,2026-02-17 16:23:21.273647
239,10055,9,Comportamento de Jogo,37.50,medio,2026-02-17 16:23:21.273647
240,10055,10,Endividamento Financeiro,31.25,baixo,2026-02-17 16:23:21.273647
241,10058,1,Demandas no Trabalho,75.00,alto,2026-02-17 19:32:27.978558
242,10058,2,Organiza較럑쥑댚칰o e Conte較럭뎸do do Trabalho,56.25,medio,2026-02-17 19:32:27.978558
243,10058,3,Rela較럑쥑댚츼es Sociais e Lideran較럑죠,79.17,alto,2026-02-17 19:32:27.978558
244,10058,4,Interface Trabalho-Indiv較럑멳uo,18.75,baixo,2026-02-17 19:32:27.978558
245,10058,5,Valores Organizacionais,33.33,medio,2026-02-17 19:32:27.978558
246,10058,6,Tra較럑죮s de Personalidade,87.50,alto,2026-02-17 19:32:27.978558
247,10058,7,Sa較럭뎸de e Bem-Estar,66.67,alto,2026-02-17 19:32:27.978558
248,10058,8,Comportamentos Ofensivos,75.00,alto,2026-02-17 19:32:27.978558
249,10058,9,Comportamento de Jogo,75.00,alto,2026-02-17 19:32:27.978558
250,10058,10,Endividamento Financeiro,68.75,alto,2026-02-17 19:32:27.978558
251,10061,1,Demandas no Trabalho,75.00,alto,2026-02-17 19:35:15.907672
252,10061,2,Organiza較럑쥑댚칰o e Conte較럭뎸do do Trabalho,68.75,alto,2026-02-17 19:35:15.907672
253,10061,3,Rela較럑쥑댚츼es Sociais e Lideran較럑죠,33.33,medio,2026-02-17 19:35:15.907672
254,10061,4,Interface Trabalho-Indiv較럑멳uo,87.50,alto,2026-02-17 19:35:15.907672
255,10061,5,Valores Organizacionais,75.00,alto,2026-02-17 19:35:15.907672
256,10061,6,Tra較럑죮s de Personalidade,62.50,medio,2026-02-17 19:35:15.907672
257,10061,7,Sa較럭뎸de e Bem-Estar,83.33,alto,2026-02-17 19:35:15.907672
258,10061,8,Comportamentos Ofensivos,33.33,medio,2026-02-17 19:35:15.907672
259,10061,9,Comportamento de Jogo,75.00,alto,2026-02-17 19:35:15.907672
260,10061,10,Endividamento Financeiro,93.75,alto,2026-02-17 19:35:15.907672
261,10062,1,Demandas no Trabalho,75.00,alto,2026-02-18 02:20:49.848543
262,10062,2,Organiza較럑쥑댚칰o e Conte較럭뎸do do Trabalho,68.75,alto,2026-02-18 02:20:49.848543
263,10062,3,Rela較럑쥑댚츼es Sociais e Lideran較럑죠,83.33,alto,2026-02-18 02:20:49.848543
264,10062,4,Interface Trabalho-Indiv較럑멳uo,43.75,medio,2026-02-18 02:20:49.848543
265,10062,5,Valores Organizacionais,8.33,baixo,2026-02-18 02:20:49.848543
266,10062,6,Tra較럑죮s de Personalidade,62.50,medio,2026-02-18 02:20:49.848543
267,10062,7,Sa較럭뎸de e Bem-Estar,91.67,alto,2026-02-18 02:20:49.848543
268,10062,8,Comportamentos Ofensivos,83.33,alto,2026-02-18 02:20:49.848543
269,10062,9,Comportamento de Jogo,87.50,alto,2026-02-18 02:20:49.848543
270,10062,10,Endividamento Financeiro,93.75,alto,2026-02-18 02:20:49.848543
271,10064,1,Demandas no Trabalho,56.25,medio,2026-02-18 02:40:19.824763
272,10064,2,Organiza較럑쥑댚칰o e Conte較럭뎸do do Trabalho,93.75,alto,2026-02-18 02:40:19.824763
273,10064,3,Rela較럑쥑댚츼es Sociais e Lideran較럑죠,91.67,alto,2026-02-18 02:40:19.824763
274,10064,4,Interface Trabalho-Indiv較럑멳uo,75.00,alto,2026-02-18 02:40:19.824763
275,10064,5,Valores Organizacionais,25.00,baixo,2026-02-18 02:40:19.824763
276,10064,6,Tra較럑죮s de Personalidade,87.50,alto,2026-02-18 02:40:19.824763
277,10064,7,Sa較럭뎸de e Bem-Estar,91.67,alto,2026-02-18 02:40:19.824763
278,10064,8,Comportamentos Ofensivos,91.67,alto,2026-02-18 02:40:19.824763
279,10064,9,Comportamento de Jogo,81.25,alto,2026-02-18 02:40:19.824763
280,10064,10,Endividamento Financeiro,100.00,alto,2026-02-18 02:40:19.824763
281,10065,1,Demandas no Trabalho,81.25,alto,2026-02-18 03:05:33.556727
282,10065,2,Organiza較럑쥑댚칰o e Conte較럭뎸do do Trabalho,62.50,medio,2026-02-18 03:05:33.556727
283,10065,3,Rela較럑쥑댚츼es Sociais e Lideran較럑죠,16.67,baixo,2026-02-18 03:05:33.556727
284,10065,4,Interface Trabalho-Indiv較럑멳uo,81.25,alto,2026-02-18 03:05:33.556727
285,10065,5,Valores Organizacionais,66.67,alto,2026-02-18 03:05:33.556727
286,10065,6,Tra較럑죮s de Personalidade,62.50,medio,2026-02-18 03:05:33.556727
287,10065,7,Sa較럭뎸de e Bem-Estar,83.33,alto,2026-02-18 03:05:33.556727
288,10065,8,Comportamentos Ofensivos,91.67,alto,2026-02-18 03:05:33.556727
289,10065,9,Comportamento de Jogo,81.25,alto,2026-02-18 03:05:33.556727
290,10065,10,Endividamento Financeiro,81.25,alto,2026-02-18 03:05:33.556727
291,10066,1,Demandas no Trabalho,62.50,medio,2026-02-18 11:08:27.153951
292,10066,2,Organiza較럑쥑댚칰o e Conte較럭뎸do do Trabalho,87.50,alto,2026-02-18 11:08:27.153951
293,10066,3,Rela較럑쥑댚츼es Sociais e Lideran較럑죠,75.00,alto,2026-02-18 11:08:27.153951
294,10066,4,Interface Trabalho-Indiv較럑멳uo,75.00,alto,2026-02-18 11:08:27.153951
295,10066,5,Valores Organizacionais,50.00,medio,2026-02-18 11:08:27.153951
296,10066,6,Tra較럑죮s de Personalidade,62.50,medio,2026-02-18 11:08:27.153951
297,10066,7,Sa較럭뎸de e Bem-Estar,50.00,medio,2026-02-18 11:08:27.153951
298,10066,8,Comportamentos Ofensivos,58.33,medio,2026-02-18 11:08:27.153951
299,10066,9,Comportamento de Jogo,87.50,alto,2026-02-18 11:08:27.153951
300,10066,10,Endividamento Financeiro,62.50,medio,2026-02-18 11:08:27.153951
301,10068,1,Demandas no Trabalho,81.25,alto,2026-02-23 21:10:02.883383
302,10068,2,Organiza較럑쥑댚칰o e Conte較럭뎸do do Trabalho,93.75,alto,2026-02-23 21:10:02.883383
303,10068,3,Rela較럑쥑댚츼es Sociais e Lideran較럑죠,75.00,alto,2026-02-23 21:10:02.883383
304,10068,4,Interface Trabalho-Indiv較럑멳uo,81.25,alto,2026-02-23 21:10:02.883383
305,10068,5,Valores Organizacionais,75.00,alto,2026-02-23 21:10:02.883383
306,10068,6,Tra較럑죮s de Personalidade,75.00,alto,2026-02-23 21:10:02.883383
307,10068,7,Sa較럭뎸de e Bem-Estar,66.67,alto,2026-02-23 21:10:02.883383
308,10068,8,Comportamentos Ofensivos,91.67,alto,2026-02-23 21:10:02.883383
309,10068,9,Comportamento de Jogo,62.50,medio,2026-02-23 21:10:02.883383
310,10068,10,Endividamento Financeiro,75.00,alto,2026-02-23 21:10:02.883383
311,10069,1,Demandas no Trabalho,81.25,alto,2026-02-23 23:15:01.867821
312,10069,2,Organiza較럑쥑댚칰o e Conte較럭뎸do do Trabalho,68.75,alto,2026-02-23 23:15:01.867821
313,10069,3,Rela較럑쥑댚츼es Sociais e Lideran較럑죠,62.50,medio,2026-02-23 23:15:01.867821
314,10069,4,Interface Trabalho-Indiv較럑멳uo,43.75,medio,2026-02-23 23:15:01.867821
315,10069,5,Valores Organizacionais,25.00,baixo,2026-02-23 23:15:01.867821
316,10069,6,Tra較럑죮s de Personalidade,75.00,alto,2026-02-23 23:15:01.867821
317,10069,7,Sa較럭뎸de e Bem-Estar,75.00,alto,2026-02-23 23:15:01.867821
318,10069,8,Comportamentos Ofensivos,75.00,alto,2026-02-23 23:15:01.867821
319,10069,9,Comportamento de Jogo,75.00,alto,2026-02-23 23:15:01.867821
320,10069,10,Endividamento Financeiro,43.75,medio,2026-02-23 23:15:01.867821
321,10071,1,Demandas no Trabalho,31.25,baixo,2026-02-23 23:16:00.87096
322,10071,2,Organiza較럑쥑댚칰o e Conte較럭뎸do do Trabalho,25.00,baixo,2026-02-23 23:16:00.87096
323,10071,3,Rela較럑쥑댚츼es Sociais e Lideran較럑죠,37.50,medio,2026-02-23 23:16:00.87096
324,10071,4,Interface Trabalho-Indiv較럑멳uo,75.00,alto,2026-02-23 23:16:00.87096
325,10071,5,Valores Organizacionais,41.67,medio,2026-02-23 23:16:00.87096
326,10071,6,Tra較럑죮s de Personalidade,75.00,alto,2026-02-23 23:16:00.87096
327,10071,7,Sa較럭뎸de e Bem-Estar,50.00,medio,2026-02-23 23:16:00.87096
328,10071,8,Comportamentos Ofensivos,25.00,baixo,2026-02-23 23:16:00.87096
329,10071,9,Comportamento de Jogo,56.25,medio,2026-02-23 23:16:00.87096
330,10071,10,Endividamento Financeiro,68.75,alto,2026-02-23 23:16:00.87096
331,10074,1,Demandas no Trabalho,50.00,medio,2026-02-25 18:34:24.218014
332,10074,2,Organiza較럑쥑댚칰o e Conte較럭뎸do do Trabalho,50.00,medio,2026-02-25 18:34:24.218014
333,10074,3,Rela較럑쥑댚츼es Sociais e Lideran較럑죠,54.17,medio,2026-02-25 18:34:24.218014
334,10074,4,Interface Trabalho-Indiv較럑멳uo,56.25,medio,2026-02-25 18:34:24.218014
335,10074,5,Valores Organizacionais,58.33,medio,2026-02-25 18:34:24.218014
336,10074,6,Tra較럑죮s de Personalidade,62.50,medio,2026-02-25 18:34:24.218014
337,10074,7,Sa較럭뎸de e Bem-Estar,58.33,medio,2026-02-25 18:34:24.218014
338,10074,8,Comportamentos Ofensivos,50.00,medio,2026-02-25 18:34:24.218014
339,10074,9,Comportamento de Jogo,56.25,medio,2026-02-25 18:34:24.218014
340,10074,10,Endividamento Financeiro,56.25,medio,2026-02-25 18:34:24.218014
341,10077,1,Demandas no Trabalho,68.75,alto,2026-02-27 13:01:06.374884
342,10077,2,Organiza較럑쥑댚칰o e Conte較럭뎸do do Trabalho,75.00,alto,2026-02-27 13:01:06.374884
343,10077,3,Rela較럑쥑댚츼es Sociais e Lideran較럑죠,54.17,medio,2026-02-27 13:01:06.374884
344,10077,4,Interface Trabalho-Indiv較럑멳uo,75.00,alto,2026-02-27 13:01:06.374884
345,10077,5,Valores Organizacionais,66.67,alto,2026-02-27 13:01:06.374884
346,10077,6,Tra較럑죮s de Personalidade,25.00,baixo,2026-02-27 13:01:06.374884
347,10077,7,Sa較럭뎸de e Bem-Estar,8.33,baixo,2026-02-27 13:01:06.374884
348,10077,8,Comportamentos Ofensivos,25.00,baixo,2026-02-27 13:01:06.374884
349,10077,9,Comportamento de Jogo,75.00,alto,2026-02-27 13:01:06.374884
350,10077,10,Endividamento Financeiro,100.00,alto,2026-02-27 13:01:06.374884
351,10078,1,Demandas no Trabalho,62.50,medio,2026-02-27 13:11:54.487937
352,10078,2,Organiza較럑쥑댚칰o e Conte較럭뎸do do Trabalho,87.50,alto,2026-02-27 13:11:54.487937
353,10078,3,Rela較럑쥑댚츼es Sociais e Lideran較럑죠,37.50,medio,2026-02-27 13:11:54.487937
354,10078,4,Interface Trabalho-Indiv較럑멳uo,43.75,medio,2026-02-27 13:11:54.487937
355,10078,5,Valores Organizacionais,91.67,alto,2026-02-27 13:11:54.487937
356,10078,6,Tra較럑죮s de Personalidade,87.50,alto,2026-02-27 13:11:54.487937
357,10078,7,Sa較럭뎸de e Bem-Estar,41.67,medio,2026-02-27 13:11:54.487937
358,10078,8,Comportamentos Ofensivos,50.00,medio,2026-02-27 13:11:54.487937
359,10078,9,Comportamento de Jogo,87.50,alto,2026-02-27 13:11:54.487937
360,10078,10,Endividamento Financeiro,87.50,alto,2026-02-27 13:11:54.487937
361,10080,1,Demandas no Trabalho,62.50,medio,2026-02-27 13:24:37.393496
362,10080,2,Organiza較럑쥑댚칰o e Conte較럭뎸do do Trabalho,81.25,alto,2026-02-27 13:24:37.393496
363,10080,3,Rela較럑쥑댚츼es Sociais e Lideran較럑죠,54.17,medio,2026-02-27 13:24:37.393496
364,10080,4,Interface Trabalho-Indiv較럑멳uo,37.50,medio,2026-02-27 13:24:37.393496
365,10080,5,Valores Organizacionais,50.00,medio,2026-02-27 13:24:37.393496
366,10080,6,Tra較럑죮s de Personalidade,87.50,alto,2026-02-27 13:24:37.393496
367,10080,7,Sa較럭뎸de e Bem-Estar,75.00,alto,2026-02-27 13:24:37.393496
368,10080,8,Comportamentos Ofensivos,41.67,medio,2026-02-27 13:24:37.393496
369,10080,9,Comportamento de Jogo,75.00,alto,2026-02-27 13:24:37.393496
370,10080,10,Endividamento Financeiro,75.00,alto,2026-02-27 13:24:37.393496
371,10082,1,Demandas no Trabalho,68.75,alto,2026-02-27 13:27:06.024845
372,10082,2,Organiza較럑쥑댚칰o e Conte較럭뎸do do Trabalho,68.75,alto,2026-02-27 13:27:06.024845
373,10082,3,Rela較럑쥑댚츼es Sociais e Lideran較럑죠,62.50,medio,2026-02-27 13:27:06.024845
374,10082,4,Interface Trabalho-Indiv較럑멳uo,75.00,alto,2026-02-27 13:27:06.024845
375,10082,5,Valores Organizacionais,83.33,alto,2026-02-27 13:27:06.024845
376,10082,6,Tra較럑죮s de Personalidade,37.50,medio,2026-02-27 13:27:06.024845
377,10082,7,Sa較럭뎸de e Bem-Estar,25.00,baixo,2026-02-27 13:27:06.024845
378,10082,8,Comportamentos Ofensivos,83.33,alto,2026-02-27 13:27:06.024845
379,10082,9,Comportamento de Jogo,62.50,medio,2026-02-27 13:27:06.024845
380,10082,10,Endividamento Financeiro,87.50,alto,2026-02-27 13:27:06.024845
381,10072,1,Demandas no Trabalho,87.50,alto,2026-02-27 15:33:12.980456
382,10072,2,Organiza較럑쥑댚칰o e Conte較럭뎸do do Trabalho,87.50,alto,2026-02-27 15:33:12.980456
383,10072,3,Rela較럑쥑댚츼es Sociais e Lideran較럑죠,70.83,alto,2026-02-27 15:33:12.980456
384,10072,4,Interface Trabalho-Indiv較럑멳uo,81.25,alto,2026-02-27 15:33:12.980456
385,10072,5,Valores Organizacionais,75.00,alto,2026-02-27 15:33:12.980456
386,10072,6,Tra較럑죮s de Personalidade,75.00,alto,2026-02-27 15:33:12.980456
387,10072,7,Sa較럭뎸de e Bem-Estar,75.00,alto,2026-02-27 15:33:12.980456
388,10072,8,Comportamentos Ofensivos,58.33,medio,2026-02-27 15:33:12.980456
389,10072,9,Comportamento de Jogo,37.50,medio,2026-02-27 15:33:12.980456
390,10072,10,Endividamento Financeiro,81.25,alto,2026-02-27 15:33:12.980456
391,10084,1,Demandas no Trabalho,75.00,alto,2026-03-03 14:37:42.792604
392,10084,2,Organiza較럑쥑댚칰o e Conte較럭뎸do do Trabalho,62.50,medio,2026-03-03 14:37:42.792604
393,10084,3,Rela較럑쥑댚츼es Sociais e Lideran較럑죠,70.83,alto,2026-03-03 14:37:42.792604
394,10084,4,Interface Trabalho-Indiv較럑멳uo,25.00,baixo,2026-03-03 14:37:42.792604
395,10084,5,Valores Organizacionais,50.00,medio,2026-03-03 14:37:42.792604
396,10084,6,Tra較럑죮s de Personalidade,0.00,baixo,2026-03-03 14:37:42.792604
397,10084,7,Sa較럭뎸de e Bem-Estar,16.67,baixo,2026-03-03 14:37:42.792604
398,10084,8,Comportamentos Ofensivos,58.33,medio,2026-03-03 14:37:42.792604
399,10084,9,Comportamento de Jogo,93.75,alto,2026-03-03 14:37:42.792604
400,10084,10,Endividamento Financeiro,56.25,medio,2026-03-03 14:37:42.792604
401,10106,1,Demandas no Trabalho,56.25,medio,2026-03-16 18:58:05.950839
402,10106,2,Organiza較럑쥑댚칰o e Conte較럭뎸do do Trabalho,43.75,medio,2026-03-16 18:58:05.950839
403,10106,3,Rela較럑쥑댚츼es Sociais e Lideran較럑죠,41.67,medio,2026-03-16 18:58:05.950839
404,10106,4,Interface Trabalho-Indiv較럑멳uo,62.50,medio,2026-03-16 18:58:05.950839
405,10106,5,Valores Organizacionais,58.33,medio,2026-03-16 18:58:05.950839
406,10106,6,Tra較럑죮s de Personalidade,50.00,medio,2026-03-16 18:58:05.950839
407,10106,7,Sa較럭뎸de e Bem-Estar,33.33,medio,2026-03-16 18:58:05.950839
408,10106,8,Comportamentos Ofensivos,0.00,baixo,2026-03-16 18:58:05.950839
409,10106,9,Comportamento de Jogo,0.00,baixo,2026-03-16 18:58:05.950839
410,10106,10,Endividamento Financeiro,6.25,baixo,2026-03-16 18:58:05.950839
411,10107,1,Demandas no Trabalho,25.00,baixo,2026-03-16 19:08:46.812359
412,10107,2,Organiza較럑쥑댚칰o e Conte較럭뎸do do Trabalho,81.25,alto,2026-03-16 19:08:46.812359
413,10107,3,Rela較럑쥑댚츼es Sociais e Lideran較럑죠,83.33,alto,2026-03-16 19:08:46.812359
414,10107,4,Interface Trabalho-Indiv較럑멳uo,43.75,medio,2026-03-16 19:08:46.812359
415,10107,5,Valores Organizacionais,66.67,alto,2026-03-16 19:08:46.812359
416,10107,6,Tra較럑죮s de Personalidade,87.50,alto,2026-03-16 19:08:46.812359
417,10107,7,Sa較럭뎸de e Bem-Estar,16.67,baixo,2026-03-16 19:08:46.812359
418,10107,8,Comportamentos Ofensivos,0.00,baixo,2026-03-16 19:08:46.812359
419,10107,9,Comportamento de Jogo,0.00,baixo,2026-03-16 19:08:46.812359
420,10107,10,Endividamento Financeiro,0.00,baixo,2026-03-16 19:08:46.812359
421,10115,1,Demandas no Trabalho,75.00,alto,2026-03-16 20:29:06.950433
422,10115,2,Organiza較럑쥑댚칰o e Conte較럭뎸do do Trabalho,75.00,alto,2026-03-16 20:29:06.950433
423,10115,3,Rela較럑쥑댚츼es Sociais e Lideran較럑죠,79.17,alto,2026-03-16 20:29:06.950433
424,10115,4,Interface Trabalho-Indiv較럑멳uo,37.50,medio,2026-03-16 20:29:06.950433
425,10115,5,Valores Organizacionais,58.33,medio,2026-03-16 20:29:06.950433
426,10115,6,Tra較럑죮s de Personalidade,37.50,medio,2026-03-16 20:29:06.950433
427,10115,7,Sa較럭뎸de e Bem-Estar,58.33,medio,2026-03-16 20:29:06.950433
428,10115,8,Comportamentos Ofensivos,0.00,baixo,2026-03-16 20:29:06.950433
429,10115,9,Comportamento de Jogo,0.00,baixo,2026-03-16 20:29:06.950433
430,10115,10,Endividamento Financeiro,56.25,medio,2026-03-16 20:29:06.950433
431,10109,1,Demandas no Trabalho,75.00,alto,2026-03-16 20:33:59.831296
432,10109,2,Organiza較럑쥑댚칰o e Conte較럭뎸do do Trabalho,75.00,alto,2026-03-16 20:33:59.831296
433,10109,3,Rela較럑쥑댚츼es Sociais e Lideran較럑죠,75.00,alto,2026-03-16 20:33:59.831296
434,10109,4,Interface Trabalho-Indiv較럑멳uo,25.00,baixo,2026-03-16 20:33:59.831296
435,10109,5,Valores Organizacionais,50.00,medio,2026-03-16 20:33:59.831296
436,10109,6,Tra較럑죮s de Personalidade,50.00,medio,2026-03-16 20:33:59.831296
437,10109,7,Sa較럭뎸de e Bem-Estar,50.00,medio,2026-03-16 20:33:59.831296
438,10109,8,Comportamentos Ofensivos,25.00,baixo,2026-03-16 20:33:59.831296
439,10109,9,Comportamento de Jogo,50.00,medio,2026-03-16 20:33:59.831296
440,10109,10,Endividamento Financeiro,50.00,medio,2026-03-16 20:33:59.831296
441,10120,1,Demandas no Trabalho,50.00,medio,2026-03-16 20:35:31.94363
442,10120,2,Organiza較럑쥑댚칰o e Conte較럭뎸do do Trabalho,93.75,alto,2026-03-16 20:35:31.94363
443,10120,3,Rela較럑쥑댚츼es Sociais e Lideran較럑죠,87.50,alto,2026-03-16 20:35:31.94363
444,10120,4,Interface Trabalho-Indiv較럑멳uo,25.00,baixo,2026-03-16 20:35:31.94363
445,10120,5,Valores Organizacionais,66.67,alto,2026-03-16 20:35:31.94363
446,10120,6,Tra較럑죮s de Personalidade,75.00,alto,2026-03-16 20:35:31.94363
447,10120,7,Sa較럭뎸de e Bem-Estar,8.33,baixo,2026-03-16 20:35:31.94363
448,10120,8,Comportamentos Ofensivos,0.00,baixo,2026-03-16 20:35:31.94363
449,10120,9,Comportamento de Jogo,0.00,baixo,2026-03-16 20:35:31.94363
450,10120,10,Endividamento Financeiro,12.50,baixo,2026-03-16 20:35:31.94363
451,10110,1,Demandas no Trabalho,43.75,medio,2026-03-16 20:39:06.752637
452,10110,2,Organiza較럑쥑댚칰o e Conte較럭뎸do do Trabalho,37.50,medio,2026-03-16 20:39:06.752637
453,10110,3,Rela較럑쥑댚츼es Sociais e Lideran較럑죠,25.00,baixo,2026-03-16 20:39:06.752637
454,10110,4,Interface Trabalho-Indiv較럑멳uo,18.75,baixo,2026-03-16 20:39:06.752637
455,10110,5,Valores Organizacionais,25.00,baixo,2026-03-16 20:39:06.752637
456,10110,6,Tra較럑죮s de Personalidade,25.00,baixo,2026-03-16 20:39:06.752637
457,10110,7,Sa較럭뎸de e Bem-Estar,25.00,baixo,2026-03-16 20:39:06.752637
458,10110,8,Comportamentos Ofensivos,25.00,baixo,2026-03-16 20:39:06.752637
459,10110,9,Comportamento de Jogo,81.25,alto,2026-03-16 20:39:06.752637
460,10110,10,Endividamento Financeiro,75.00,alto,2026-03-16 20:39:06.752637
461,10136,1,Demandas no Trabalho,37.50,medio,2026-03-16 20:42:42.7086
462,10136,2,Organiza較럑쥑댚칰o e Conte較럭뎸do do Trabalho,87.50,alto,2026-03-16 20:42:42.7086
463,10136,3,Rela較럑쥑댚츼es Sociais e Lideran較럑죠,83.33,alto,2026-03-16 20:42:42.7086
464,10136,4,Interface Trabalho-Indiv較럑멳uo,37.50,medio,2026-03-16 20:42:42.7086
465,10136,5,Valores Organizacionais,75.00,alto,2026-03-16 20:42:42.7086
466,10136,6,Tra較럑죮s de Personalidade,62.50,medio,2026-03-16 20:42:42.7086
467,10136,7,Sa較럭뎸de e Bem-Estar,33.33,medio,2026-03-16 20:42:42.7086
468,10136,8,Comportamentos Ofensivos,0.00,baixo,2026-03-16 20:42:42.7086
469,10136,9,Comportamento de Jogo,0.00,baixo,2026-03-16 20:42:42.7086
470,10136,10,Endividamento Financeiro,37.50,medio,2026-03-16 20:42:42.7086
471,10130,1,Demandas no Trabalho,62.50,medio,2026-03-17 18:07:00.084785
472,10130,2,Organiza較럑쥑댚칰o e Conte較럭뎸do do Trabalho,87.50,alto,2026-03-17 18:07:00.084785
473,10130,3,Rela較럑쥑댚츼es Sociais e Lideran較럑죠,79.17,alto,2026-03-17 18:07:00.084785
474,10130,4,Interface Trabalho-Indiv較럑멳uo,18.75,baixo,2026-03-17 18:07:00.084785
475,10130,5,Valores Organizacionais,58.33,medio,2026-03-17 18:07:00.084785
476,10130,6,Tra較럑죮s de Personalidade,62.50,medio,2026-03-17 18:07:00.084785
477,10130,7,Sa較럭뎸de e Bem-Estar,33.33,medio,2026-03-17 18:07:00.084785
478,10130,8,Comportamentos Ofensivos,0.00,baixo,2026-03-17 18:07:00.084785
479,10130,9,Comportamento de Jogo,0.00,baixo,2026-03-17 18:07:00.084785
480,10130,10,Endividamento Financeiro,18.75,baixo,2026-03-17 18:07:00.084785
481,10131,1,Demandas no Trabalho,56.25,medio,2026-03-17 18:10:42.155828
482,10131,2,Organiza較럑쥑댚칰o e Conte較럭뎸do do Trabalho,100.00,alto,2026-03-17 18:10:42.155828
483,10131,3,Rela較럑쥑댚츼es Sociais e Lideran較럑죠,91.67,alto,2026-03-17 18:10:42.155828
484,10131,4,Interface Trabalho-Indiv較럑멳uo,75.00,alto,2026-03-17 18:10:42.155828
485,10131,5,Valores Organizacionais,66.67,alto,2026-03-17 18:10:42.155828
486,10131,6,Tra較럑죮s de Personalidade,100.00,alto,2026-03-17 18:10:42.155828
487,10131,7,Sa較럭뎸de e Bem-Estar,25.00,baixo,2026-03-17 18:10:42.155828
488,10131,8,Comportamentos Ofensivos,0.00,baixo,2026-03-17 18:10:42.155828
489,10131,9,Comportamento de Jogo,0.00,baixo,2026-03-17 18:10:42.155828
490,10131,10,Endividamento Financeiro,50.00,medio,2026-03-17 18:10:42.155828
491,10127,1,Demandas no Trabalho,31.25,baixo,2026-03-17 18:14:09.659901
492,10127,2,Organiza較럑쥑댚칰o e Conte較럭뎸do do Trabalho,75.00,alto,2026-03-17 18:14:09.659901
493,10127,3,Rela較럑쥑댚츼es Sociais e Lideran較럑죠,66.67,alto,2026-03-17 18:14:09.659901
494,10127,4,Interface Trabalho-Indiv較럑멳uo,43.75,medio,2026-03-17 18:14:09.659901
495,10127,5,Valores Organizacionais,75.00,alto,2026-03-17 18:14:09.659901
496,10127,6,Tra較럑죮s de Personalidade,62.50,medio,2026-03-17 18:14:09.659901
497,10127,7,Sa較럭뎸de e Bem-Estar,25.00,baixo,2026-03-17 18:14:09.659901
498,10127,8,Comportamentos Ofensivos,0.00,baixo,2026-03-17 18:14:09.659901
499,10127,9,Comportamento de Jogo,0.00,baixo,2026-03-17 18:14:09.659901
500,10127,10,Endividamento Financeiro,43.75,medio,2026-03-17 18:14:09.659901
501,10118,1,Demandas no Trabalho,56.25,medio,2026-03-17 18:14:14.536802
502,10118,2,Organiza較럑쥑댚칰o e Conte較럭뎸do do Trabalho,100.00,alto,2026-03-17 18:14:14.536802
503,10118,3,Rela較럑쥑댚츼es Sociais e Lideran較럑죠,95.83,alto,2026-03-17 18:14:14.536802
504,10118,4,Interface Trabalho-Indiv較럑멳uo,31.25,baixo,2026-03-17 18:14:14.536802
505,10118,5,Valores Organizacionais,83.33,alto,2026-03-17 18:14:14.536802
506,10118,6,Tra較럑죮s de Personalidade,75.00,alto,2026-03-17 18:14:14.536802
507,10118,7,Sa較럭뎸de e Bem-Estar,41.67,medio,2026-03-17 18:14:14.536802
508,10118,8,Comportamentos Ofensivos,25.00,baixo,2026-03-17 18:14:14.536802
509,10118,9,Comportamento de Jogo,0.00,baixo,2026-03-17 18:14:14.536802
510,10118,10,Endividamento Financeiro,50.00,medio,2026-03-17 18:14:14.536802
521,10123,1,Demandas no Trabalho,50.00,medio,2026-03-17 18:35:56.41721
522,10123,2,Organiza較럑쥑댚칰o e Conte較럭뎸do do Trabalho,81.25,alto,2026-03-17 18:35:56.41721
523,10123,3,Rela較럑쥑댚츼es Sociais e Lideran較럑죠,70.83,alto,2026-03-17 18:35:56.41721
524,10123,4,Interface Trabalho-Indiv較럑멳uo,31.25,baixo,2026-03-17 18:35:56.41721
525,10123,5,Valores Organizacionais,58.33,medio,2026-03-17 18:35:56.41721
526,10123,6,Tra較럑죮s de Personalidade,75.00,alto,2026-03-17 18:35:56.41721
527,10123,7,Sa較럭뎸de e Bem-Estar,91.67,alto,2026-03-17 18:35:56.41721
528,10123,8,Comportamentos Ofensivos,0.00,baixo,2026-03-17 18:35:56.41721
529,10123,9,Comportamento de Jogo,0.00,baixo,2026-03-17 18:35:56.41721
530,10123,10,Endividamento Financeiro,75.00,alto,2026-03-17 18:35:56.41721
511,10121,1,Demandas no Trabalho,37.50,medio,2026-03-17 18:16:33.73293
512,10121,2,Organiza較럑쥑댚칰o e Conte較럭뎸do do Trabalho,81.25,alto,2026-03-17 18:16:33.73293
513,10121,3,Rela較럑쥑댚츼es Sociais e Lideran較럑죠,87.50,alto,2026-03-17 18:16:33.73293
514,10121,4,Interface Trabalho-Indiv較럑멳uo,31.25,baixo,2026-03-17 18:16:33.73293
515,10121,5,Valores Organizacionais,58.33,medio,2026-03-17 18:16:33.73293
516,10121,6,Tra較럑죮s de Personalidade,75.00,alto,2026-03-17 18:16:33.73293
517,10121,7,Sa較럭뎸de e Bem-Estar,66.67,alto,2026-03-17 18:16:33.73293
518,10121,8,Comportamentos Ofensivos,0.00,baixo,2026-03-17 18:16:33.73293
519,10121,9,Comportamento de Jogo,0.00,baixo,2026-03-17 18:16:33.73293
520,10121,10,Endividamento Financeiro,31.25,baixo,2026-03-17 18:16:33.73293
531,10132,1,Demandas no Trabalho,62.50,medio,2026-03-17 18:54:13.339093
532,10132,2,Organiza較럑쥑댚칰o e Conte較럭뎸do do Trabalho,62.50,medio,2026-03-17 18:54:13.339093
533,10132,3,Rela較럑쥑댚츼es Sociais e Lideran較럑죠,33.33,medio,2026-03-17 18:54:13.339093
534,10132,4,Interface Trabalho-Indiv較럑멳uo,37.50,medio,2026-03-17 18:54:13.339093
535,10132,5,Valores Organizacionais,58.33,medio,2026-03-17 18:54:13.339093
536,10132,6,Tra較럑죮s de Personalidade,62.50,medio,2026-03-17 18:54:13.339093
537,10132,7,Sa較럭뎸de e Bem-Estar,83.33,alto,2026-03-17 18:54:13.339093
538,10132,8,Comportamentos Ofensivos,0.00,baixo,2026-03-17 18:54:13.339093
539,10132,9,Comportamento de Jogo,0.00,baixo,2026-03-17 18:54:13.339093
540,10132,10,Endividamento Financeiro,50.00,medio,2026-03-17 18:54:13.339093
541,10119,1,Demandas no Trabalho,37.50,medio,2026-03-17 18:54:52.979572
542,10119,2,Organiza較럑쥑댚칰o e Conte較럭뎸do do Trabalho,75.00,alto,2026-03-17 18:54:52.979572
543,10119,3,Rela較럑쥑댚츼es Sociais e Lideran較럑죠,91.67,alto,2026-03-17 18:54:52.979572
544,10119,4,Interface Trabalho-Indiv較럑멳uo,43.75,medio,2026-03-17 18:54:52.979572
545,10119,5,Valores Organizacionais,83.33,alto,2026-03-17 18:54:52.979572
546,10119,6,Tra較럑죮s de Personalidade,62.50,medio,2026-03-17 18:54:52.979572
547,10119,7,Sa較럭뎸de e Bem-Estar,16.67,baixo,2026-03-17 18:54:52.979572
548,10119,8,Comportamentos Ofensivos,0.00,baixo,2026-03-17 18:54:52.979572
549,10119,9,Comportamento de Jogo,0.00,baixo,2026-03-17 18:54:52.979572
550,10119,10,Endividamento Financeiro,6.25,baixo,2026-03-17 18:54:52.979572
551,10135,1,Demandas no Trabalho,50.00,medio,2026-03-18 00:00:21.053341
552,10135,2,Organiza較럑쥑댚칰o e Conte較럭뎸do do Trabalho,87.50,alto,2026-03-18 00:00:21.053341
553,10135,3,Rela較럑쥑댚츼es Sociais e Lideran較럑죠,87.50,alto,2026-03-18 00:00:21.053341
554,10135,4,Interface Trabalho-Indiv較럑멳uo,18.75,baixo,2026-03-18 00:00:21.053341
555,10135,5,Valores Organizacionais,58.33,medio,2026-03-18 00:00:21.053341
556,10135,6,Tra較럑죮s de Personalidade,62.50,medio,2026-03-18 00:00:21.053341
557,10135,7,Sa較럭뎸de e Bem-Estar,16.67,baixo,2026-03-18 00:00:21.053341
558,10135,8,Comportamentos Ofensivos,0.00,baixo,2026-03-18 00:00:21.053341
559,10135,9,Comportamento de Jogo,0.00,baixo,2026-03-18 00:00:21.053341
560,10135,10,Endividamento Financeiro,50.00,medio,2026-03-18 00:00:21.053341
561,10134,1,Demandas no Trabalho,81.25,alto,2026-03-18 10:34:17.281581
562,10134,2,Organiza較럑쥑댚칰o e Conte較럭뎸do do Trabalho,75.00,alto,2026-03-18 10:34:17.281581
563,10134,3,Rela較럑쥑댚츼es Sociais e Lideran較럑죠,75.00,alto,2026-03-18 10:34:17.281581
564,10134,4,Interface Trabalho-Indiv較럑멳uo,37.50,medio,2026-03-18 10:34:17.281581
565,10134,5,Valores Organizacionais,58.33,medio,2026-03-18 10:34:17.281581
566,10134,6,Tra較럑죮s de Personalidade,87.50,alto,2026-03-18 10:34:17.281581
567,10134,7,Sa較럭뎸de e Bem-Estar,58.33,medio,2026-03-18 10:34:17.281581
568,10134,8,Comportamentos Ofensivos,0.00,baixo,2026-03-18 10:34:17.281581
569,10134,9,Comportamento de Jogo,0.00,baixo,2026-03-18 10:34:17.281581
570,10134,10,Endividamento Financeiro,87.50,alto,2026-03-18 10:34:17.281581
571,10124,1,Demandas no Trabalho,68.75,alto,2026-03-18 11:22:06.663558
572,10124,2,Organiza較럑쥑댚칰o e Conte較럭뎸do do Trabalho,93.75,alto,2026-03-18 11:22:06.663558
573,10124,3,Rela較럑쥑댚츼es Sociais e Lideran較럑죠,83.33,alto,2026-03-18 11:22:06.663558
574,10124,4,Interface Trabalho-Indiv較럑멳uo,31.25,baixo,2026-03-18 11:22:06.663558
575,10124,5,Valores Organizacionais,75.00,alto,2026-03-18 11:22:06.663558
576,10124,6,Tra較럑죮s de Personalidade,75.00,alto,2026-03-18 11:22:06.663558
577,10124,7,Sa較럭뎸de e Bem-Estar,50.00,medio,2026-03-18 11:22:06.663558
578,10124,8,Comportamentos Ofensivos,0.00,baixo,2026-03-18 11:22:06.663558
579,10124,9,Comportamento de Jogo,6.25,baixo,2026-03-18 11:22:06.663558
580,10124,10,Endividamento Financeiro,6.25,baixo,2026-03-18 11:22:06.663558
581,10122,1,Demandas no Trabalho,25.00,baixo,2026-03-18 11:27:49.726563
582,10122,2,Organiza較럑쥑댚칰o e Conte較럭뎸do do Trabalho,93.75,alto,2026-03-18 11:27:49.726563
583,10122,3,Rela較럑쥑댚츼es Sociais e Lideran較럑죠,87.50,alto,2026-03-18 11:27:49.726563
584,10122,4,Interface Trabalho-Indiv較럑멳uo,18.75,baixo,2026-03-18 11:27:49.726563
585,10122,5,Valores Organizacionais,83.33,alto,2026-03-18 11:27:49.726563
586,10122,6,Tra較럑죮s de Personalidade,100.00,alto,2026-03-18 11:27:49.726563
587,10122,7,Sa較럭뎸de e Bem-Estar,41.67,medio,2026-03-18 11:27:49.726563
588,10122,8,Comportamentos Ofensivos,0.00,baixo,2026-03-18 11:27:49.726563
589,10122,9,Comportamento de Jogo,6.25,baixo,2026-03-18 11:27:49.726563
590,10122,10,Endividamento Financeiro,37.50,medio,2026-03-18 11:27:49.726563
591,10094,1,Demandas no Trabalho,56.25,medio,2026-03-18 12:06:36.140752
592,10094,2,Organiza較럑쥑댚칰o e Conte較럭뎸do do Trabalho,100.00,alto,2026-03-18 12:06:36.140752
593,10094,3,Rela較럑쥑댚츼es Sociais e Lideran較럑죠,100.00,alto,2026-03-18 12:06:36.140752
594,10094,4,Interface Trabalho-Indiv較럑멳uo,18.75,baixo,2026-03-18 12:06:36.140752
595,10094,5,Valores Organizacionais,58.33,medio,2026-03-18 12:06:36.140752
596,10094,6,Tra較럑죮s de Personalidade,100.00,alto,2026-03-18 12:06:36.140752
597,10094,7,Sa較럭뎸de e Bem-Estar,33.33,medio,2026-03-18 12:06:36.140752
598,10094,8,Comportamentos Ofensivos,0.00,baixo,2026-03-18 12:06:36.140752
599,10094,9,Comportamento de Jogo,0.00,baixo,2026-03-18 12:06:36.140752
600,10094,10,Endividamento Financeiro,12.50,baixo,2026-03-18 12:06:36.140752
601,10126,1,Demandas no Trabalho,43.75,medio,2026-03-18 12:18:40.97319
602,10126,2,Organiza較럑쥑댚칰o e Conte較럭뎸do do Trabalho,93.75,alto,2026-03-18 12:18:40.97319
603,10126,3,Rela較럑쥑댚츼es Sociais e Lideran較럑죠,87.50,alto,2026-03-18 12:18:40.97319
604,10126,4,Interface Trabalho-Indiv較럑멳uo,18.75,baixo,2026-03-18 12:18:40.97319
605,10126,5,Valores Organizacionais,66.67,alto,2026-03-18 12:18:40.97319
606,10126,6,Tra較럑죮s de Personalidade,75.00,alto,2026-03-18 12:18:40.97319
607,10126,7,Sa較럭뎸de e Bem-Estar,25.00,baixo,2026-03-18 12:18:40.97319
608,10126,8,Comportamentos Ofensivos,0.00,baixo,2026-03-18 12:18:40.97319
609,10126,9,Comportamento de Jogo,18.75,baixo,2026-03-18 12:18:40.97319
610,10126,10,Endividamento Financeiro,25.00,baixo,2026-03-18 12:18:40.97319
611,10133,1,Demandas no Trabalho,62.50,medio,2026-03-18 12:39:37.159226
612,10133,2,Organiza較럑쥑댚칰o e Conte較럭뎸do do Trabalho,87.50,alto,2026-03-18 12:39:37.159226
613,10133,3,Rela較럑쥑댚츼es Sociais e Lideran較럑죠,91.67,alto,2026-03-18 12:39:37.159226
614,10133,4,Interface Trabalho-Indiv較럑멳uo,37.50,medio,2026-03-18 12:39:37.159226
615,10133,5,Valores Organizacionais,66.67,alto,2026-03-18 12:39:37.159226
616,10133,6,Tra較럑죮s de Personalidade,87.50,alto,2026-03-18 12:39:37.159226
617,10133,7,Sa較럭뎸de e Bem-Estar,33.33,medio,2026-03-18 12:39:37.159226
618,10133,8,Comportamentos Ofensivos,0.00,baixo,2026-03-18 12:39:37.159226
619,10133,9,Comportamento de Jogo,0.00,baixo,2026-03-18 12:39:37.159226
620,10133,10,Endividamento Financeiro,0.00,baixo,2026-03-18 12:39:37.159226
621,10101,1,Demandas no Trabalho,50.00,medio,2026-03-18 15:19:27.48168
622,10101,2,Organiza較럑쥑댚칰o e Conte較럭뎸do do Trabalho,62.50,medio,2026-03-18 15:19:27.48168
623,10101,3,Rela較럑쥑댚츼es Sociais e Lideran較럑죠,62.50,medio,2026-03-18 15:19:27.48168
624,10101,4,Interface Trabalho-Indiv較럑멳uo,31.25,baixo,2026-03-18 15:19:27.48168
625,10101,5,Valores Organizacionais,50.00,medio,2026-03-18 15:19:27.48168
626,10101,6,Tra較럑죮s de Personalidade,87.50,alto,2026-03-18 15:19:27.48168
627,10101,7,Sa較럭뎸de e Bem-Estar,41.67,medio,2026-03-18 15:19:27.48168
628,10101,8,Comportamentos Ofensivos,0.00,baixo,2026-03-18 15:19:27.48168
629,10101,9,Comportamento de Jogo,25.00,baixo,2026-03-18 15:19:27.48168
630,10101,10,Endividamento Financeiro,37.50,medio,2026-03-18 15:19:27.48168
631,10097,1,Demandas no Trabalho,81.25,alto,2026-03-18 16:08:19.685693
632,10097,2,Organiza較럑쥑댚칰o e Conte較럭뎸do do Trabalho,93.75,alto,2026-03-18 16:08:19.685693
633,10097,3,Rela較럑쥑댚츼es Sociais e Lideran較럑죠,58.33,medio,2026-03-18 16:08:19.685693
634,10097,4,Interface Trabalho-Indiv較럑멳uo,37.50,medio,2026-03-18 16:08:19.685693
635,10097,5,Valores Organizacionais,83.33,alto,2026-03-18 16:08:19.685693
636,10097,6,Tra較럑죮s de Personalidade,75.00,alto,2026-03-18 16:08:19.685693
637,10097,7,Sa較럭뎸de e Bem-Estar,66.67,alto,2026-03-18 16:08:19.685693
638,10097,8,Comportamentos Ofensivos,41.67,medio,2026-03-18 16:08:19.685693
639,10097,9,Comportamento de Jogo,0.00,baixo,2026-03-18 16:08:19.685693
640,10097,10,Endividamento Financeiro,43.75,medio,2026-03-18 16:08:19.685693
641,10096,1,Demandas no Trabalho,75.00,alto,2026-03-18 16:10:15.276468
642,10096,2,Organiza較럑쥑댚칰o e Conte較럭뎸do do Trabalho,87.50,alto,2026-03-18 16:10:15.276468
643,10096,3,Rela較럑쥑댚츼es Sociais e Lideran較럑죠,75.00,alto,2026-03-18 16:10:15.276468
644,10096,4,Interface Trabalho-Indiv較럑멳uo,37.50,medio,2026-03-18 16:10:15.276468
645,10096,5,Valores Organizacionais,58.33,medio,2026-03-18 16:10:15.276468
646,10096,6,Tra較럑죮s de Personalidade,87.50,alto,2026-03-18 16:10:15.276468
647,10096,7,Sa較럭뎸de e Bem-Estar,91.67,alto,2026-03-18 16:10:15.276468
648,10096,8,Comportamentos Ofensivos,0.00,baixo,2026-03-18 16:10:15.276468
649,10096,9,Comportamento de Jogo,0.00,baixo,2026-03-18 16:10:15.276468
650,10096,10,Endividamento Financeiro,43.75,medio,2026-03-18 16:10:15.276468
651,10098,1,Demandas no Trabalho,81.25,alto,2026-03-18 16:41:06.325021
652,10098,2,Organiza較럑쥑댚칰o e Conte較럭뎸do do Trabalho,43.75,medio,2026-03-18 16:41:06.325021
653,10098,3,Rela較럑쥑댚츼es Sociais e Lideran較럑죠,33.33,medio,2026-03-18 16:41:06.325021
654,10098,4,Interface Trabalho-Indiv較럑멳uo,25.00,baixo,2026-03-18 16:41:06.325021
655,10098,5,Valores Organizacionais,50.00,medio,2026-03-18 16:41:06.325021
656,10098,6,Tra較럑죮s de Personalidade,62.50,medio,2026-03-18 16:41:06.325021
657,10098,7,Sa較럭뎸de e Bem-Estar,66.67,alto,2026-03-18 16:41:06.325021
658,10098,8,Comportamentos Ofensivos,0.00,baixo,2026-03-18 16:41:06.325021
659,10098,9,Comportamento de Jogo,0.00,baixo,2026-03-18 16:41:06.325021
660,10098,10,Endividamento Financeiro,43.75,medio,2026-03-18 16:41:06.325021
661,10128,1,Demandas no Trabalho,56.25,medio,2026-03-18 16:50:03.12149
662,10128,2,Organiza較럑쥑댚칰o e Conte較럭뎸do do Trabalho,93.75,alto,2026-03-18 16:50:03.12149
663,10128,3,Rela較럑쥑댚츼es Sociais e Lideran較럑죠,91.67,alto,2026-03-18 16:50:03.12149
664,10128,4,Interface Trabalho-Indiv較럑멳uo,37.50,medio,2026-03-18 16:50:03.12149
665,10128,5,Valores Organizacionais,83.33,alto,2026-03-18 16:50:03.12149
666,10128,6,Tra較럑죮s de Personalidade,75.00,alto,2026-03-18 16:50:03.12149
667,10128,7,Sa較럭뎸de e Bem-Estar,25.00,baixo,2026-03-18 16:50:03.12149
668,10128,8,Comportamentos Ofensivos,0.00,baixo,2026-03-18 16:50:03.12149
669,10128,9,Comportamento de Jogo,25.00,baixo,2026-03-18 16:50:03.12149
670,10128,10,Endividamento Financeiro,37.50,medio,2026-03-18 16:50:03.12149
671,10093,1,Demandas no Trabalho,25.00,baixo,2026-03-18 18:51:41.874417
672,10093,2,Organiza較럑쥑댚칰o e Conte較럭뎸do do Trabalho,87.50,alto,2026-03-18 18:51:41.874417
673,10093,3,Rela較럑쥑댚츼es Sociais e Lideran較럑죠,70.83,alto,2026-03-18 18:51:41.874417
674,10093,4,Interface Trabalho-Indiv較럑멳uo,31.25,baixo,2026-03-18 18:51:41.874417
675,10093,5,Valores Organizacionais,66.67,alto,2026-03-18 18:51:41.874417
676,10093,6,Tra較럑죮s de Personalidade,87.50,alto,2026-03-18 18:51:41.874417
677,10093,7,Sa較럭뎸de e Bem-Estar,41.67,medio,2026-03-18 18:51:41.874417
678,10093,8,Comportamentos Ofensivos,0.00,baixo,2026-03-18 18:51:41.874417
679,10093,9,Comportamento de Jogo,0.00,baixo,2026-03-18 18:51:41.874417
680,10093,10,Endividamento Financeiro,62.50,medio,2026-03-18 18:51:41.874417
681,10104,1,Demandas no Trabalho,43.75,medio,2026-03-19 13:56:31.238867
682,10104,2,Organiza較럑쥑댚칰o e Conte較럭뎸do do Trabalho,62.50,medio,2026-03-19 13:56:31.238867
683,10104,3,Rela較럑쥑댚츼es Sociais e Lideran較럑죠,66.67,alto,2026-03-19 13:56:31.238867
684,10104,4,Interface Trabalho-Indiv較럑멳uo,18.75,baixo,2026-03-19 13:56:31.238867
685,10104,5,Valores Organizacionais,41.67,medio,2026-03-19 13:56:31.238867
686,10104,6,Tra較럑죮s de Personalidade,75.00,alto,2026-03-19 13:56:31.238867
687,10104,7,Sa較럭뎸de e Bem-Estar,33.33,medio,2026-03-19 13:56:31.238867
688,10104,8,Comportamentos Ofensivos,0.00,baixo,2026-03-19 13:56:31.238867
689,10104,9,Comportamento de Jogo,0.00,baixo,2026-03-19 13:56:31.238867
690,10104,10,Endividamento Financeiro,6.25,baixo,2026-03-19 13:56:31.238867
691,10090,1,Demandas no Trabalho,56.25,medio,2026-03-19 14:38:51.676173
692,10090,2,Organiza較럑쥑댚칰o e Conte較럭뎸do do Trabalho,68.75,alto,2026-03-19 14:38:51.676173
693,10090,3,Rela較럑쥑댚츼es Sociais e Lideran較럑죠,58.33,medio,2026-03-19 14:38:51.676173
694,10090,4,Interface Trabalho-Indiv較럑멳uo,56.25,medio,2026-03-19 14:38:51.676173
695,10090,5,Valores Organizacionais,58.33,medio,2026-03-19 14:38:51.676173
696,10090,6,Tra較럑죮s de Personalidade,62.50,medio,2026-03-19 14:38:51.676173
697,10090,7,Sa較럭뎸de e Bem-Estar,50.00,medio,2026-03-19 14:38:51.676173
698,10090,8,Comportamentos Ofensivos,0.00,baixo,2026-03-19 14:38:51.676173
699,10090,9,Comportamento de Jogo,6.25,baixo,2026-03-19 14:38:51.676173
700,10090,10,Endividamento Financeiro,18.75,baixo,2026-03-19 14:38:51.676173
701,10102,1,Demandas no Trabalho,62.50,medio,2026-03-19 19:37:35.180143
702,10102,2,Organiza較럑쥑댚칰o e Conte較럭뎸do do Trabalho,56.25,medio,2026-03-19 19:37:35.180143
703,10102,3,Rela較럑쥑댚츼es Sociais e Lideran較럑죠,33.33,medio,2026-03-19 19:37:35.180143
704,10102,4,Interface Trabalho-Indiv較럑멳uo,18.75,baixo,2026-03-19 19:37:35.180143
705,10102,5,Valores Organizacionais,50.00,medio,2026-03-19 19:37:35.180143
706,10102,6,Tra較럑죮s de Personalidade,37.50,medio,2026-03-19 19:37:35.180143
707,10102,7,Sa較럭뎸de e Bem-Estar,75.00,alto,2026-03-19 19:37:35.180143
708,10102,8,Comportamentos Ofensivos,25.00,baixo,2026-03-19 19:37:35.180143
709,10102,9,Comportamento de Jogo,0.00,baixo,2026-03-19 19:37:35.180143
710,10102,10,Endividamento Financeiro,37.50,medio,2026-03-19 19:37:35.180143
711,10103,1,Demandas no Trabalho,43.75,medio,2026-03-19 20:10:01.720958
712,10103,2,Organiza較럑쥑댚칰o e Conte較럭뎸do do Trabalho,93.75,alto,2026-03-19 20:10:01.720958
713,10103,3,Rela較럑쥑댚츼es Sociais e Lideran較럑죠,91.67,alto,2026-03-19 20:10:01.720958
714,10103,4,Interface Trabalho-Indiv較럑멳uo,56.25,medio,2026-03-19 20:10:01.720958
715,10103,5,Valores Organizacionais,58.33,medio,2026-03-19 20:10:01.720958
716,10103,6,Tra較럑죮s de Personalidade,100.00,alto,2026-03-19 20:10:01.720958
717,10103,7,Sa較럭뎸de e Bem-Estar,58.33,medio,2026-03-19 20:10:01.720958
718,10103,8,Comportamentos Ofensivos,0.00,baixo,2026-03-19 20:10:01.720958
719,10103,9,Comportamento de Jogo,0.00,baixo,2026-03-19 20:10:01.720958
720,10103,10,Endividamento Financeiro,12.50,baixo,2026-03-19 20:10:01.720958
721,10137,1,Demandas no Trabalho,50.00,medio,2026-03-20 11:35:21.266516
722,10137,2,Organiza較럑쥑댚칰o e Conte較럭뎸do do Trabalho,50.00,medio,2026-03-20 11:35:21.266516
723,10137,3,Rela較럑쥑댚츼es Sociais e Lideran較럑죠,50.00,medio,2026-03-20 11:35:21.266516
724,10137,4,Interface Trabalho-Indiv較럑멳uo,50.00,medio,2026-03-20 11:35:21.266516
725,10137,5,Valores Organizacionais,50.00,medio,2026-03-20 11:35:21.266516
726,10137,6,Tra較럑죮s de Personalidade,50.00,medio,2026-03-20 11:35:21.266516
727,10137,7,Sa較럭뎸de e Bem-Estar,50.00,medio,2026-03-20 11:35:21.266516
728,10137,8,Comportamentos Ofensivos,58.33,medio,2026-03-20 11:35:21.266516
729,10137,9,Comportamento de Jogo,50.00,medio,2026-03-20 11:35:21.266516
730,10137,10,Endividamento Financeiro,50.00,medio,2026-03-20 11:35:21.266516
731,10099,1,Demandas no Trabalho,31.25,baixo,2026-03-20 12:36:50.927883
732,10099,2,Organiza較럑쥑댚칰o e Conte較럭뎸do do Trabalho,100.00,alto,2026-03-20 12:36:50.927883
733,10099,3,Rela較럑쥑댚츼es Sociais e Lideran較럑죠,79.17,alto,2026-03-20 12:36:50.927883
734,10099,4,Interface Trabalho-Indiv較럑멳uo,31.25,baixo,2026-03-20 12:36:50.927883
735,10099,5,Valores Organizacionais,75.00,alto,2026-03-20 12:36:50.927883
736,10099,6,Tra較럑죮s de Personalidade,87.50,alto,2026-03-20 12:36:50.927883
737,10099,7,Sa較럭뎸de e Bem-Estar,33.33,medio,2026-03-20 12:36:50.927883
738,10099,8,Comportamentos Ofensivos,0.00,baixo,2026-03-20 12:36:50.927883
739,10099,9,Comportamento de Jogo,0.00,baixo,2026-03-20 12:36:50.927883
740,10099,10,Endividamento Financeiro,6.25,baixo,2026-03-20 12:36:50.927883
741,10100,1,Demandas no Trabalho,25.00,baixo,2026-03-20 14:47:11.4963
742,10100,2,Organiza較럑쥑댚칰o e Conte較럭뎸do do Trabalho,100.00,alto,2026-03-20 14:47:11.4963
743,10100,3,Rela較럑쥑댚츼es Sociais e Lideran較럑죠,66.67,alto,2026-03-20 14:47:11.4963
744,10100,4,Interface Trabalho-Indiv較럑멳uo,31.25,baixo,2026-03-20 14:47:11.4963
745,10100,5,Valores Organizacionais,75.00,alto,2026-03-20 14:47:11.4963
746,10100,6,Tra較럑죮s de Personalidade,100.00,alto,2026-03-20 14:47:11.4963
747,10100,7,Sa較럭뎸de e Bem-Estar,8.33,baixo,2026-03-20 14:47:11.4963
748,10100,8,Comportamentos Ofensivos,0.00,baixo,2026-03-20 14:47:11.4963
749,10100,9,Comportamento de Jogo,25.00,baixo,2026-03-20 14:47:11.4963
750,10100,10,Endividamento Financeiro,18.75,baixo,2026-03-20 14:47:11.4963
751,10117,1,Demandas no Trabalho,31.25,baixo,2026-03-23 16:39:57.054564
752,10117,2,Organiza較럑쥑댚칰o e Conte較럭뎸do do Trabalho,81.25,alto,2026-03-23 16:39:57.054564
753,10117,3,Rela較럑쥑댚츼es Sociais e Lideran較럑죠,91.67,alto,2026-03-23 16:39:57.054564
754,10117,4,Interface Trabalho-Indiv較럑멳uo,18.75,baixo,2026-03-23 16:39:57.054564
755,10117,5,Valores Organizacionais,66.67,alto,2026-03-23 16:39:57.054564
756,10117,6,Tra較럑죮s de Personalidade,75.00,alto,2026-03-23 16:39:57.054564
757,10117,7,Sa較럭뎸de e Bem-Estar,50.00,medio,2026-03-23 16:39:57.054564
758,10117,8,Comportamentos Ofensivos,0.00,baixo,2026-03-23 16:39:57.054564
759,10117,9,Comportamento de Jogo,0.00,baixo,2026-03-23 16:39:57.054564
760,10117,10,Endividamento Financeiro,31.25,baixo,2026-03-23 16:39:57.054564
761,10092,1,Demandas no Trabalho,43.75,medio,2026-03-23 16:45:41.038887
762,10092,2,Organiza較럑쥑댚칰o e Conte較럭뎸do do Trabalho,68.75,alto,2026-03-23 16:45:41.038887
763,10092,3,Rela較럑쥑댚츼es Sociais e Lideran較럑죠,54.17,medio,2026-03-23 16:45:41.038887
764,10092,4,Interface Trabalho-Indiv較럑멳uo,56.25,medio,2026-03-23 16:45:41.038887
765,10092,5,Valores Organizacionais,58.33,medio,2026-03-23 16:45:41.038887
766,10092,6,Tra較럑죮s de Personalidade,75.00,alto,2026-03-23 16:45:41.038887
767,10092,7,Sa較럭뎸de e Bem-Estar,75.00,alto,2026-03-23 16:45:41.038887
768,10092,8,Comportamentos Ofensivos,0.00,baixo,2026-03-23 16:45:41.038887
769,10092,9,Comportamento de Jogo,12.50,baixo,2026-03-23 16:45:41.038887
770,10092,10,Endividamento Financeiro,31.25,baixo,2026-03-23 16:45:41.038887
771,10095,1,Demandas no Trabalho,75.00,alto,2026-03-24 18:02:14.850262
772,10095,2,Organiza較럑쥑댚칰o e Conte較럭뎸do do Trabalho,75.00,alto,2026-03-24 18:02:14.850262
773,10095,3,Rela較럑쥑댚츼es Sociais e Lideran較럑죠,75.00,alto,2026-03-24 18:02:14.850262
774,10095,4,Interface Trabalho-Indiv較럑멳uo,75.00,alto,2026-03-24 18:02:14.850262
775,10095,5,Valores Organizacionais,75.00,alto,2026-03-24 18:02:14.850262
776,10095,6,Tra較럑죮s de Personalidade,75.00,alto,2026-03-24 18:02:14.850262
777,10095,7,Sa較럭뎸de e Bem-Estar,75.00,alto,2026-03-24 18:02:14.850262
778,10095,8,Comportamentos Ofensivos,75.00,alto,2026-03-24 18:02:14.850262
779,10095,9,Comportamento de Jogo,75.00,alto,2026-03-24 18:02:14.850262
780,10095,10,Endividamento Financeiro,75.00,alto,2026-03-24 18:02:14.850262
781,10125,1,Demandas no Trabalho,81.25,alto,2026-03-24 23:19:23.22066
782,10125,2,Organiza較럑쥑댚칰o e Conte較럭뎸do do Trabalho,87.50,alto,2026-03-24 23:19:23.22066
783,10125,3,Rela較럑쥑댚츼es Sociais e Lideran較럑죠,83.33,alto,2026-03-24 23:19:23.22066
784,10125,4,Interface Trabalho-Indiv較럑멳uo,37.50,medio,2026-03-24 23:19:23.22066
785,10125,5,Valores Organizacionais,58.33,medio,2026-03-24 23:19:23.22066
786,10125,6,Tra較럑죮s de Personalidade,100.00,alto,2026-03-24 23:19:23.22066
787,10125,7,Sa較럭뎸de e Bem-Estar,75.00,alto,2026-03-24 23:19:23.22066
788,10125,8,Comportamentos Ofensivos,0.00,baixo,2026-03-24 23:19:23.22066
789,10125,9,Comportamento de Jogo,0.00,baixo,2026-03-24 23:19:23.22066
790,10125,10,Endividamento Financeiro,0.00,baixo,2026-03-24 23:19:23.22066
791,10140,1,Demandas no Trabalho,37.50,medio,2026-03-25 12:42:59.891275
792,10140,2,Organiza較럑쥑댚칰o e Conte較럭뎸do do Trabalho,81.25,alto,2026-03-25 12:42:59.891275
793,10140,3,Rela較럑쥑댚츼es Sociais e Lideran較럑죠,87.50,alto,2026-03-25 12:42:59.891275
794,10140,4,Interface Trabalho-Indiv較럑멳uo,25.00,baixo,2026-03-25 12:42:59.891275
795,10140,5,Valores Organizacionais,75.00,alto,2026-03-25 12:42:59.891275
796,10140,6,Tra較럑죮s de Personalidade,75.00,alto,2026-03-25 12:42:59.891275
797,10140,7,Sa較럭뎸de e Bem-Estar,33.33,medio,2026-03-25 12:42:59.891275
798,10140,8,Comportamentos Ofensivos,0.00,baixo,2026-03-25 12:42:59.891275
799,10140,9,Comportamento de Jogo,6.25,baixo,2026-03-25 12:42:59.891275
800,10140,10,Endividamento Financeiro,25.00,baixo,2026-03-25 12:42:59.891275
801,10138,1,Demandas no Trabalho,50.00,medio,2026-03-25 12:45:50.002273
802,10138,2,Organiza較럑쥑댚칰o e Conte較럭뎸do do Trabalho,68.75,alto,2026-03-25 12:45:50.002273
803,10138,3,Rela較럑쥑댚츼es Sociais e Lideran較럑죠,50.00,medio,2026-03-25 12:45:50.002273
804,10138,4,Interface Trabalho-Indiv較럑멳uo,31.25,baixo,2026-03-25 12:45:50.002273
805,10138,5,Valores Organizacionais,50.00,medio,2026-03-25 12:45:50.002273
806,10138,6,Tra較럑죮s de Personalidade,62.50,medio,2026-03-25 12:45:50.002273
807,10138,7,Sa較럭뎸de e Bem-Estar,41.67,medio,2026-03-25 12:45:50.002273
808,10138,8,Comportamentos Ofensivos,0.00,baixo,2026-03-25 12:45:50.002273
809,10138,9,Comportamento de Jogo,0.00,baixo,2026-03-25 12:45:50.002273
810,10138,10,Endividamento Financeiro,12.50,baixo,2026-03-25 12:45:50.002273
811,10141,1,Demandas no Trabalho,75.00,alto,2026-03-26 18:20:37.55161
812,10141,2,Organiza較럑쥑댚칰o e Conte較럭뎸do do Trabalho,50.00,medio,2026-03-26 18:20:37.55161
813,10141,3,Rela較럑쥑댚츼es Sociais e Lideran較럑죠,75.00,alto,2026-03-26 18:20:37.55161
814,10141,4,Interface Trabalho-Indiv較럑멳uo,50.00,medio,2026-03-26 18:20:37.55161
815,10141,5,Valores Organizacionais,100.00,alto,2026-03-26 18:20:37.55161
816,10141,6,Tra較럑죮s de Personalidade,100.00,alto,2026-03-26 18:20:37.55161
817,10141,7,Sa較럭뎸de e Bem-Estar,33.33,medio,2026-03-26 18:20:37.55161
818,10141,8,Comportamentos Ofensivos,50.00,medio,2026-03-26 18:20:37.55161
819,10141,9,Comportamento de Jogo,6.25,baixo,2026-03-26 18:20:37.55161
820,10141,10,Endividamento Financeiro,56.25,medio,2026-03-26 18:20:37.55161
821,10142,1,Demandas no Trabalho,100.00,alto,2026-03-27 18:08:48.072778
822,10142,2,Organiza較럑쥑댚칰o e Conte較럭뎸do do Trabalho,100.00,alto,2026-03-27 18:08:48.072778
823,10142,3,Rela較럑쥑댚츼es Sociais e Lideran較럑죠,100.00,alto,2026-03-27 18:08:48.072778
824,10142,4,Interface Trabalho-Indiv較럑멳uo,100.00,alto,2026-03-27 18:08:48.072778
825,10142,5,Valores Organizacionais,100.00,alto,2026-03-27 18:08:48.072778
826,10142,6,Tra較럑죮s de Personalidade,100.00,alto,2026-03-27 18:08:48.072778
827,10142,7,Sa較럭뎸de e Bem-Estar,100.00,alto,2026-03-27 18:08:48.072778
828,10142,8,Comportamentos Ofensivos,100.00,alto,2026-03-27 18:08:48.072778
829,10142,9,Comportamento de Jogo,100.00,alto,2026-03-27 18:08:48.072778
830,10142,10,Endividamento Financeiro,100.00,alto,2026-03-27 18:08:48.072778
831,10091,1,Demandas no Trabalho,93.75,alto,2026-03-30 16:39:34.450812
832,10091,2,Organiza較럑쥑댚칰o e Conte較럭뎸do do Trabalho,68.75,alto,2026-03-30 16:39:34.450812
833,10091,3,Rela較럑쥑댚츼es Sociais e Lideran較럑죠,41.67,medio,2026-03-30 16:39:34.450812
834,10091,4,Interface Trabalho-Indiv較럑멳uo,75.00,alto,2026-03-30 16:39:34.450812
835,10091,5,Valores Organizacionais,41.67,medio,2026-03-30 16:39:34.450812
836,10091,6,Tra較럑죮s de Personalidade,50.00,medio,2026-03-30 16:39:34.450812
837,10091,7,Sa較럭뎸de e Bem-Estar,66.67,alto,2026-03-30 16:39:34.450812
838,10091,8,Comportamentos Ofensivos,25.00,baixo,2026-03-30 16:39:34.450812
839,10091,9,Comportamento de Jogo,50.00,medio,2026-03-30 16:39:34.450812
840,10091,10,Endividamento Financeiro,81.25,alto,2026-03-30 16:39:34.450812
841,10145,1,Demandas no Trabalho,100.00,alto,2026-03-31 20:00:33.942687
842,10145,2,Organiza較럑쥑댚칰o e Conte較럭뎸do do Trabalho,100.00,alto,2026-03-31 20:00:33.942687
843,10145,3,Rela較럑쥑댚츼es Sociais e Lideran較럑죠,100.00,alto,2026-03-31 20:00:33.942687
844,10145,4,Interface Trabalho-Indiv較럑멳uo,100.00,alto,2026-03-31 20:00:33.942687
845,10145,5,Valores Organizacionais,100.00,alto,2026-03-31 20:00:33.942687
846,10145,6,Tra較럑죮s de Personalidade,100.00,alto,2026-03-31 20:00:33.942687
847,10145,7,Sa較럭뎸de e Bem-Estar,100.00,alto,2026-03-31 20:00:33.942687
848,10145,8,Comportamentos Ofensivos,100.00,alto,2026-03-31 20:00:33.942687
849,10145,9,Comportamento de Jogo,100.00,alto,2026-03-31 20:00:33.942687
850,10145,10,Endividamento Financeiro,100.00,alto,2026-03-31 20:00:33.942687
851,10144,1,Demandas no Trabalho,62.50,medio,2026-04-01 18:40:05.955341
852,10144,2,Organiza較럑쥑댚칰o e Conte較럭뎸do do Trabalho,100.00,alto,2026-04-01 18:40:05.955341
853,10144,3,Rela較럑쥑댚츼es Sociais e Lideran較럑죠,83.33,alto,2026-04-01 18:40:05.955341
854,10144,4,Interface Trabalho-Indiv較럑멳uo,25.00,baixo,2026-04-01 18:40:05.955341
855,10144,5,Valores Organizacionais,50.00,medio,2026-04-01 18:40:05.955341
856,10144,6,Tra較럑죮s de Personalidade,100.00,alto,2026-04-01 18:40:05.955341
857,10144,7,Sa較럭뎸de e Bem-Estar,8.33,baixo,2026-04-01 18:40:05.955341
858,10144,8,Comportamentos Ofensivos,0.00,baixo,2026-04-01 18:40:05.955341
859,10144,9,Comportamento de Jogo,6.25,baixo,2026-04-01 18:40:05.955341
860,10144,10,Endividamento Financeiro,12.50,baixo,2026-04-01 18:40:05.955341
861,10143,1,Demandas no Trabalho,37.50,medio,2026-04-02 11:40:51.767799
862,10143,2,Organiza較럑쥑댚칰o e Conte較럭뎸do do Trabalho,87.50,alto,2026-04-02 11:40:51.767799
863,10143,3,Rela較럑쥑댚츼es Sociais e Lideran較럑죠,75.00,alto,2026-04-02 11:40:51.767799
864,10143,4,Interface Trabalho-Indiv較럑멳uo,18.75,baixo,2026-04-02 11:40:51.767799
865,10143,5,Valores Organizacionais,50.00,medio,2026-04-02 11:40:51.767799
866,10143,6,Tra較럑죮s de Personalidade,75.00,alto,2026-04-02 11:40:51.767799
867,10143,7,Sa較럭뎸de e Bem-Estar,8.33,baixo,2026-04-02 11:40:51.767799
868,10143,8,Comportamentos Ofensivos,0.00,baixo,2026-04-02 11:40:51.767799
869,10143,9,Comportamento de Jogo,12.50,baixo,2026-04-02 11:40:51.767799
870,10143,10,Endividamento Financeiro,0.00,baixo,2026-04-02 11:40:51.767799
